objectiv_id,objectiv,freq
0,firstblood,0.793328287827
1,aegis,0.00227047796472
2,roshan_kill,0.00227047796472
3,tower_kill,0.00721895558014
4,tower_deny,0.000931478139372
